<!--
WARNING: THIS IS AN AUTO-GENERATED FILE. CHANGES TO IT ARE LIKELY TO BE
OVERWRITTEN AND LOST. Changes to this xml configuration should be made using:
  virsh pool-edit iso
or other application using the libvirt API.
-->

<pool type='dir'>
  <name>iso</name>
  <uuid>d9ada1dc-1331-4d36-9f4a-6251e7300018</uuid>
  <capacity unit='bytes'>0</capacity>
  <allocation unit='bytes'>0</allocation>
  <available unit='bytes'>0</available>
  <source>
  </source>
  <target>
    <path>/var/www/webvirtmgr/images</path>
  </target>
</pool>
